STT,Câu hỏi,Câu trả lời từ Base Vietnamese Bi-Encoder,Câu trả lời ground truth,Answer relevance
1,"Tại sao sự minh mẫn, sáng suốt của người lập di chúc lại là yếu tố quyết định tính tự nguyện của di chúc?","Theo ngữ cảnh được cung cấp, sự minh mẫn, sáng suốt là yếu tố quyết định tính tự nguyện vì nó đảm bảo người lập di chúc không bị các yếu tố khách quan hay chủ quan tác động làm mất khả năng nhận thức hoặc kiểm soát ý chí của mình. Khi minh mẫn, sáng suốt, người lập di chúc mới có thể thể hiện được ý chí đích thực (nguyện vọng, mong muốn chủ quan bên trong) mà không bị lừa dối, đe dọa hoặc cưỡng ép bởi các chủ thể khác.","Điều kiện có hiệu lực của di chúc a. Người lập di chúc phải có năng lực chủ thể trong việc lập di chúc Người thành niên là người từ đủ 18 tuổi trở lên, có năng lực hành vi dân sự đầy đủ, không phân biệt nam, nữ, tôn giáo hay thành phần... Họ có toàn quyền trong việc lập di chúc để định đoạt tài sản của mình. Người từ đủ 15 tuổi đến chưa đủ 18 tuổi được lập di chúc nhưng di chúc đó phải được lập thành văn bản và phải được cha, mẹ hoặc người giám hộ đồng ý về việc lập di chúc. b. Người lập di chúc tự nguyện Điểm a, Khoản 1, Điều 630, BLDS 2015 quy định: “Người lập di chúc minh mẫn, sáng suốt trong khi lập di chúc; không bị lừa dối, đe doạ hoặc cưỡng ép”, tức là không có sự tác động của chủ thể khác làm người lập di chúc không thể hiện được ý chí tự nguyện khi lập di chúc. Đe dọa, cưỡng ép có thể là về thể chất (đánh đập, giam giữ...",1.0
2,Tại sao sự thừa nhận và tác động của pháp luật đối với cùng một mối quan hệ xã hội lại khác nhau qua các giai đoạn lịch sử?,Sự thừa nhận và tác động của pháp luật đối với cùng một mối quan hệ xã hội khác nhau qua các giai đoạn lịch sử vì sự tồn tại của các quan hệ xã hội đó ảnh hưởng đến lợi ích của giai cấp thống trị ở mỗi thời kỳ là khác nhau.,"Khi xây dựng và ban hành pháp luật, giai cấp thống trị trong xã hội thông qua con đường nhà nước bao giờ cũng cân nhắc các loại quan hệ xã hội cần tác động tới bằng pháp luật nhằm bảo vệ lợi ích giai cấp. Các giai đoạn phát triển khác nhau của lịch sử xã hội loài người cho thấy, cùng một mối quan hệ xã hội nhất định sự thừa nhận và tác động bằng pháp luật của nhà nước ở mỗi giai đoạn khác nhau là khác nhau bởi lẽ sự tồn tại của những quan hệ xã hội này có thể ảnh hưởng tới lợi ích của giai cấp thống trị ở mỗi thời kỳ là khác nhau. Ví dụ: Trong thời kỳ chiếm hữu nô lệ và thời kỳ phong kiến quan hệ hôn nhân đa thê được thừa nhận ở nhiều quốc gia bởi nó phù hợp với lợi ích của giai cấp chủ nô và địa chủ, tuy nhiên quan hệ này đang bị loại bỏ ở xã hội hiện đại... - Quan hệ pháp luật là loại quan hệ có nội dung được biểu hiện thành quyền và nghĩa vụ pháp lý của các bên trong quan hệ.",1.0
3,"Tại sao việc thực hiện quyền lực công ở các quốc gia lại cần đến đội ngũ công chức, viên chức?",Thông tin bạn hỏi không được đề cập trong ngữ cảnh được cung cấp.,"Quy tắc ứng xử, quy tắc đạo đức nghề nghiệp, việc chuyển đổi vị trí công tác của cán bộ, công chức, viên chức Quy tắc ứng xử là các chuẩn mực xử sự của cán bộ, công chức, viên chức trong thi hành nhiệm vụ, công vụ và trong quan hệ xã hội, bao gồm những việc phải làm hoặc không được làm, phù hợp với đặc thù công việc của từng nhóm cán bộ, công chức, viên chức và từng lĩnh vực hoạt động công vụ, nhằm bảo đảm sự liêm chính và trách nhiệm của cán bộ, Chủ biên TS. Trần Thành Thọ công chức, viên chức. Quy tắc ứng xử của cán bộ, công chức, viên chức phải được công khai để nhân dân giám sát việc chấp hành. Các nước trên thế giới mặc dù có chế độ chính trị khác nhau nhưng về cơ bản, việc thực hiện quyền lực công đều phải thông qua hoạt động công vụ của đội ngũ công chức, viên chức.",0.0
4,"Theo Bộ luật Dân sự 2015, quyền định đoạt tài sản được hiểu như thế nào?","Theo Điều 192 Bộ luật Dân sự 2015, quyền định đoạt là quyền chuyển giao quyền sở hữu tài sản, từ bỏ quyền sở hữu, tiêu dùng hoặc tiêu hủy tài sản. Đây là quyền năng của chủ thể để quyết định ""số phận"" của tài sản.","” Quyền sử dụng tài sản có thể được thực hiện bởi chủ sở hữu nhưng cũng có thể chuyển giao cho người khác theo thỏa thuận hoặc theo quy định của pháp luật. Chủ sở hữu được sử dụng tài sản theo ý chí của mình nhưng không được gây thiệt hại hoặc làm ảnh hưởng đến lợi ích Quốc gia, dân tộc, lợi ích công cộng, quyền và lợi ích hợp pháp của người khác. Chủ biên TS. Trần Thành Thọ Người không phải là chủ sở hữu được sử dụng tài sản theo đúng thỏa thuận trong hợp đồng với chủ sở hữu hoặc theo quy định của pháp luật. c. Quyền định đoạt Theo điều 192 Bộ luật dân sự 2015, quyền định đoạt là quyền chuyển giao quyền sở hữu tài sản, từ bỏ quyền sở hữu, tiêu dùng hoặc tiêu hủy tài sản. Quyền định đoạt là quyền năng của chủ thể để quyết định “số phận” của tài sản.",1.0
5,"Theo Điều 650 Bộ luật Dân sự 2015, những trường hợp nào dẫn đến việc áp dụng thừa kế theo pháp luật?","Theo Điều 650 Bộ luật Dân sự 2015, thừa kế theo pháp luật được áp dụng trong các trường hợp sau: 1. Không có di chúc. 2. Di chúc không hợp pháp. 3. Những người thừa kế theo di chúc chết trước hoặc chết cùng thời điểm với người lập di chúc; cơ quan, tổ chức được hưởng thừa kế theo di chúc không còn tồn tại vào thời điểm mở thừa kế. 4. Những người được chỉ định làm người thừa kế theo di chúc mà không có quyền hưởng di sản hoặc từ chối quyền nhận di sản. Ngoài ra, thừa kế theo pháp luật còn áp dụng đối với: * Phần di sản không được định đoạt trong di chúc. * Phần di sản có liên quan đến phần của di chúc không có hiệu lực pháp luật. * Phần di sản có liên quan đến người được thừa kế theo di chúc nhưng họ không có quyền hưởng di sản, từ chối nhận di sản, chết trước hoặc chết cùng thời điểm với người lập di chúc.","Những trường hợp thừa kế theo pháp luật Theo quy định tại Điều 650, BLDS 2015 thì thừa kế theo pháp luật được áp dụng trong các trường hợp sau đây: Không có di chúc; di chúc không hợp pháp; những người thừa kế theo di chúc chết trước hoặc chết cùng thời điểm với người lập di chúc, cơ quan, tổ chức được hưởng thừa kế theo di chúc không còn tồn tại vào thời điểm mở thừa kế; những người được chỉ định làm người thừa kế theo di chúc mà không có quyền hưởng di sản hoặc từ chối quyền nhận di sản. Chủ biên TS. Trần Thành Thọ Ngoài ra, thừa kế theo pháp luật cũng được áp dụng đối với các phần di sản sau: Phần di sản không được định đoạt trong di chúc; phần di sản có liên quan đến phần của di chúc không có hiệu lực pháp luật; phần di sản có liên quan đến người được thừa kế theo di chúc nhưng họ không có quyền hưởng di sản, từ chối nhận di sản, chết trước hoặc chết cùng thời điểm với người lập di",1.0
6,Tại sao việc đưa ra các điều kiện như giết người hoặc hủy hoại tài sản trong di chúc lại không được pháp luật công nhận?,"Vì đó là những điều kiện trái pháp luật, vi phạm các quy định về nội dung của di chúc.","Chẳng hạn, trong di chúc người lập di chúc không thể định đoạt vật mà Nhà nước cấm lưu thông, định đoạt tài sản cho những tổ chức phản động, đưa ra những điều kiện trái pháp luật đối với người thừa kế (giết người, huỷ hoại tài sản, không được nuôi dưỡng, chăm sóc người mà người thừa kế có nghĩa vụ chăm sóc, nuôi dưỡng...). Chủ biên TS. Trần Thành Thọ d. Hình thức của di chúc không trái quy định của luật Ý chí tự nguyện của người lập di chúc phải được thể hiện ra bên ngoài dưới một hình thức nhất định như di chúc miệng hoặc di chúc bằng văn bản. Hình thức của di chúc là nguồn chứng cứ được sử dụng để chứng minh ý chí đích thực của người lập di chúc về việc định đoạt di sản. Điểm b, Khoản 1, Điều 630, BLDS 2015 quy định: “... hình thức di chúc không trái quy định của luật”.",1.0
7,"Khi thực hiện quyền đối với tài sản thuộc sở hữu riêng, chủ sở hữu cần tuân thủ những giới hạn pháp lý nào để đảm bảo lợi ích chung?","Khi thực hiện quyền đối với tài sản thuộc sở hữu riêng, chủ sở hữu không được gây thiệt hại hoặc làm ảnh hưởng đến: - Lợi ích quốc gia, dân tộc. - Lợi ích công cộng. - Quyền và lợi ích hợp pháp của người khác.","Chủ sở hữu có quyền chiếm hữu, sử dụng, định đoạt tài sản thuộc sở hữu riêng của mình nhưng không được gây thiệt hại hoặc làm ảnh hưởng đến lợi ích quốc gia, dân tộc, lợi ích công cộng, quyền và lợi ích hợp pháp của người khác. c. Sở hữu chung Hình thức sở hữu chung được quy định từ Điều 207 đến Điều 220 Bộ luật Dân sự 2015, theo đó, sở hữu chung là sở hữu của nhiều chủ thể đối với tài sản, tài sản thuộc sở hữu chung được xác lập dựa trên cơ sở sự thỏa thuận của các bên, theo quy định của pháp luật hoặc theo tập quán. Sở hữu chung bao gồm sở hữu chung theo phần và sở hữu chung hợp nhất. - Sở hữu chung theo phần là sở hữu chung mà trong đó phần quyền sở hữu của mỗi chủ sở hữu được xác định đối với tài sản chung. Mỗi chủ sở hữu chung theo phần có quyền, nghĩa vụ đối với tài sản thuộc sở hữu chung tương ứng với phần quyền sở hữu của mình, trừ trường hợp có thỏa thuận khác.",1.0
8,Thế nào là sự tấn công hiện hữu trong phòng vệ chính đáng?,Sự tấn công hiện hữu trong phòng vệ chính đáng là hành vi tấn công đang xảy ra hoặc đe dọa xảy ra ngay tức khắc.,"+ Sự tấn công phải đang hiện hữu, nghĩa là hành vi tấn công phải đang xảy ra hoặc đe dọa xảy ra ngay tức khắc. - Thứ hai, mục đích phòng vệ là nhằm gạt bỏ sự tấn công, nghĩa là hành vi phòng vệ phải nhằm vào chính người đang có hành vi tấn công. Chủ biên TS. Trần Thành Thọ - Thứ ba, về phạm vi phòng vệ, sự phòng vệ phải trong giới hạn cần thiết để ngăn chặn sự tấn công. Sự cần thiết của hành vi phòng vệ được đánh giá dựa trên các yếu tố: tính chất của quan hệ xã hội bị đe dọa xâm hại; mức độ thiệt hại bị đe dọa gây ra; sức mạnh và sức mãnh liệt của hành vi tấn công; tính chất, mức độ của phương pháp, phương tiện hay công cụ mà kẻ tấn công đã sử dụng; thời gian, địa điểm xảy ra hành vi tấn công và phòng vệ; sức mạnh và khả năng phòng vệ.",1.0
9,Mối quan hệ giữa Mặt trận Tổ quốc Việt Nam và Đảng Cộng sản Việt Nam được thể hiện như thế nào?,"Mặt trận Tổ quốc Việt Nam là tổ chức liên minh chính trị, liên hiệp tự nguyện của các tổ chức chính trị, tổ chức chính trị - xã hội, tổ chức xã hội và các cá nhân tiêu biểu, hoạt động dưới sự lãnh đạo của Đảng.","36 Nguyễn Quốc Văn - Vũ Công Giao, Sách chuyên khảo, Phát huy vai trò của xã hội trong phòng chống tham nhũng, Nxb. Hồng Đức, Hà Nội, 2017, trang 16 Chủ biên TS. Trần Thành Thọ Các chủ thể xã hội có vai trò và trách nhiệm quan trọng đối với công tác phòng, chống tham nhũng, điều đó thể hiện ở các nội dung cơ bản sau: - Trách nhiệm của Mặt trận Tổ quốc Việt Nam và các thành viên trong công tác phòng, chống tham nhũng Mặt trận Tổ quốc Việt Nam và các thành viên là một bộ phận cấu thành hệ thống chính trị của nước ta, là tổ chức liên minh chính trị, liên hiệp tự nguyện của tổ chức chính trị, các tổ chức chính trị - xã hội, tổ chức xã hội và các cá nhân tiêu biểu trong các giai cấp, các tầng lớp xã hội, các dân tộc, các tôn giáo và người Việt Nam định cư ở nước ngoài dưới sự lãnh đạo của Đảng.",1.0
10,Mối quan hệ giữa các khả năng thực hiện quyền chủ thể được quy định như thế nào?,"Dựa trên ngữ cảnh được cung cấp, mối quan hệ giữa các khả năng thực hiện quyền chủ thể được quy định như sau: * **Sự gắn kết giữa quyền và nghĩa vụ:** Quyền và nghĩa vụ pháp lý có mối liên hệ mật thiết với nhau; tương ứng với quyền được thụ hưởng, chủ thể phải thực hiện các nghĩa vụ pháp lý nhất định. * **Khả năng thực hiện:** Chủ thể có khả năng thực hiện các quyền và nghĩa vụ thông qua các hành vi thực hiện pháp luật của mình. * **Trường hợp đặc biệt:** Đối với chủ thể bị mất, không có hoặc bị hạn chế năng lực hành vi, việc thực hiện các quyền và nghĩa vụ pháp lý phải được tiến hành thông qua hành vi của chủ thể khác (người đại diện, người giám hộ, người được ủy quyền...). * **Đối với pháp nhân:** Mọi hoạt động (thực hiện quyền và nghĩa vụ) của pháp nhân được tiến hành thông qua hành vi của các cá nhân là người đại diện, nhân danh pháp nhân để tạo ra quyền và nghĩa vụ cho pháp nhân đó.","Ví dụ: Pháp luật quy định cá nhân có quyền tự do ký kết hợp đồng, có quyền khiếu nại, có quyền tự do ngôn luận. + Khả năng yêu cầu các chủ thể khác chấm dứt các hành động cản trở nó thực hiện các quyền và nghĩa vụ hoặc yêu cầu tôn trọng các nghĩa vụ tương ứng phát sinh từ quyền và nghĩa vụ này. Ví dụ: Chủ sở hữu có quyền yêu cầu chấm dứt cản trở trái pháp luật đối với việc thực hiện quyền tài sản của mình; Cá nhân có quyền yêu cầu chấm dứt vi phạm các quyền nhân thân (sử dụng hình ảnh với mục đích kinh doanh không xin phép), quyền tác giả của mình. + Khả năng các chủ thể yêu cầu các cơ quan nhà nước có thẩm quyền bảo vệ lợi ích của mình. Chẳng hạn như: Khi bị vi phạm hợp đồng, bên bị vi phạm có quyền yêu cầu huỷ hợp đồng do lỗi của bên kia, yêu cầu bồi thường thiệt hại... Các khả năng kể trên của quyền chủ thể là thống nhất không thể tách rời.",0.5
11,Nguyên tắc áp dụng hình phạt chính và hình phạt bổ sung đối với một tội phạm được quy định như thế nào?,"Đối với mỗi tội phạm, người phạm tội (cá nhân hoặc pháp nhân thương mại) chỉ bị áp dụng một hình phạt chính và có thể bị áp dụng một hoặc một số hình phạt bổ sung.","Các hình phạt đối với cá nhân người phạm tội Các hình phạt đối với cá nhân người phạm tội gồm hình phạt chính và hình phạt bổ sung. Nguyên tắc cơ bản của việc áp dụng các hình phạt đối với cá nhân người phạm tội là: Đối với mỗi tội phạm, người phạm tội chỉ bị áp dụng một hình phạt chính và có thể bị áp dụng một hoặc một số hình phạt bổ sung. a. Các hình phạt chính bao gồm: Cảnh cáo; Phạt tiền; Cải tạo không giam giữ; Trục xuất; Tù có thời hạn; Tù chung thân; Tử hình. Cảnh cáo: Hình phạt cảnh cáo là sự khiển trách công khai của Nhà nước do Tòa án tuyên đối với người bị kết án. Đây là hình phạt chính nhẹ nhất trong các hình phạt chính. Theo quy định tại Điều 34 BLHS 2015, cảnh cáo được áp dụng đối với người phạm tội ít nghiêm trọng và có nhiều tình tiết giảm nhẹ, nhưng chưa đến mức miễn hình phạt.",1.0
12,Nguyên tắc phân hóa trách nhiệm hình sự đòi hỏi việc xác định tội phạm và hình phạt phải dựa trên những yếu tố nào?,"Theo nguyên tắc phân hóa trách nhiệm hình sự, việc xác định tội phạm và hình phạt phải dựa trên các yếu tố sau: * Mức độ gây nguy hiểm cho xã hội của tội phạm gây ra. * Nhân thân của chủ thể phạm tội. * Hoàn cảnh của chủ thể phạm tội.","7.1.2.5 Nguyên tắc phân hóa trách nhiệm hình sự Chức năng trừng phạt và giáo dục của luật hình sự chỉ có thể thành hiện thực khi trách nhiệm hình sự được xác định đúng cho từng chủ thể phạm tội. Nguyên tắc phân hóa trách nhiệm hình sự, vì vậy là một trong những nguyên tắc đặc thù của ngành Luật Hình sự. Theo đó việc xác định tội phạm và hình phạt áp dụng cho chủ thể phạm tội phải tương xứng với mức độ gây nguy hiểm cho xã hội của tội phạm gây ra và phải phù hợp với nhân thân cũng như hoàn cảnh của chủ thể phạm tội. Việc phân hóa trách nhiệm hình sự trong Luật Hình sự được thể hiện trên các nội dung sau: + Luật Hình sự phân loại tội phạm thành các nhóm tội khác nhau để có các quy định khác nhau về trách nhiệm hình sự; + Luật Hình sự đa dạng hóa hệ thống hình phạt; + Luật Hình sự phân hóa chế tài của mỗi tội thành nhiều khung hình phạt khác nhau; + Luật Hình sự xác định các loại người khác",1.0
13,Mối quan hệ giữa việc phản ánh hành vi tham nhũng của công dân với Ban thanh tra nhân dân và cơ quan nhà nước là gì?,"Công dân phản ánh hành vi tham nhũng với Ban thanh tra nhân dân hoặc tổ chức mà mình là thành viên. Sau đó, Ban thanh tra nhân dân hoặc tổ chức đó có trách nhiệm kiến nghị với cơ quan nhà nước có thẩm quyền để xem xét, giải quyết theo quy định của pháp luật. Việc phản ánh này phải đảm bảo tính khách quan và trung thực.","2012) mỗi công dân đều có trách nhiệm: - Chấp hành nghiêm chỉnh pháp luật về phòng, chống tham nhũng. - Lên án, đấu tranh với những người có hành vi tham nhũng. - Phản ánh với Ban thanh tra nhân dân, tổ chức mà mình là thành viên về hành vi tham nhũng, vụ việc tham nhũng để Ban thanh tra nhân dân, tổ chức đó kiến nghị với cơ quan nhà nước có thẩm quyền xem xét, giải quyết theo quy định của pháp luật. Việc phản ánh về hành vi có dấu hiệu tham nhũng, vụ việc tham nhũng phải khách quan, trung thực. - Cộng tác với cơ quan, tổ chức, cá nhân có thẩm quyền trong việc xác minh vụ việc tham nhũng khi được yêu cầu. - Kiến nghị với cơ quan nhà nước có thẩm quyền sửa đổi, bổ sung, hoàn thiện cơ chế, chính sách pháp luật về phòng, chống tham nhũng. - Đóng góp ý kiến với các cơ quan nhà nước có thẩm quyền về việc xây dựng các văn bản pháp luật về phòng, chống tham nhũng.",1.0
14,Nhũng nhiễu vì vụ lợi được định nghĩa là gì trong hoạt động của cơ quan công quyền?,"Nhũng nhiễu vì vụ lợi là hành vi lợi dụng sự phức tạp, rườm rà, chưa rõ ràng của các trình tự, thủ tục hành chính để gây khó khăn, phiền hà cho công dân và doanh nghiệp. Mục đích của hành vi này là buộc họ phải đưa quà, tiền, nộp các khoản chi phí ngoài quy định hoặc thực hiện các hành vi khác vì lợi ích của người nhũng nhiễu. Thực chất, đây là hình thức ép buộc đưa hối lộ được che đậy tinh vi.","Tình trạng này có ở hầu hết các cấp, từ trung ương đến địa phương và cần phải được ngăn chặn kịp thời. * Nhũng nhiễu vì vụ lợi: Nhũng nhiễu vì vụ lợi là hành vi thường xuất hiện trong hoạt động của một số cơ quan công quyền, nhất là tại các cơ quan quản lý hành Chủ biên TS. Trần Thành Thọ chính nhà nước, nơi trực tiếp giải quyết công việc của công dân và doanh nghiệp. Sự phức tạp, rườm rà, chưa rõ ràng của một số loại trình tự, thủ tục có thể bị chính những người có chức vụ, quyền hạn lợi dụng để gây khó khăn, phiền hà cho công dân hoặc doanh nghiệp với mục đích buộc công dân và doanh nghiệp phải đưa quà, tiền, nộp những khoản chi phí ngoài quy định, hoặc phải thực hiện những hành vi khác vì lợi ích của người có hành vi nhũng nhiễu. Thực chất của hành vi này là sự ép buộc đưa hối lộ được che đậy dưới hình thức tinh vi rất khó có căn cứ để xử lý.",1.0
15,"Nếu một điều luật mới quy định về việc xóa án tích theo hướng bất lợi hơn, liệu nó có được áp dụng cho tội phạm đã thực hiện trước đó không?","Không. Theo đoạn 2 của ngữ cảnh, điều luật quy định về việc xóa án tích không có lợi cho người phạm tội thì không được áp dụng đối với hành vi phạm tội đã thực hiện trước khi điều luật đó có hiệu lực thi hành.","Điều luật quy định một tội phạm mới, một hình phạt nặng hơn, một tình tiết tăng nặng mới hoặc hạn chế phạm vi áp dụng án treo, miễn trách nhiệm hình sự, loại trừ trách nhiệm hình sự, miễn hình phạt, giảm hình phạt, xóa án tích và quy định khác không có lợi cho người phạm tội, thì không được áp dụng đối với hành vi phạm tội đã thực hiện trước khi điều luật đó có hiệu lực thi hành.",1.0
16,Việc xác định các giai đoạn thực hiện tội phạm có ý nghĩa gì đối với công tác xét xử và định tội danh?,"Dựa trên ngữ cảnh được cung cấp, việc xác định các giai đoạn thực hiện tội phạm có ý nghĩa là: * Làm cơ sở cho việc xác định phạm vi và mức độ trách nhiệm hình sự. * Làm cơ sở cho việc xác định hình phạt.","Các giai đoạn thực hiện tội phạm Các giai đoạn thực hiện tội phạm là các bước của quá trình thực hiện tội phạm với lỗi cố ý, được phân biệt với nhau bởi các dấu hiệu, biển hiện nhằm đánh giá sự diễn biến mức độ thực hiện ý định phạm tội, làm cơ sở cho việc xác định phạm vi và mức độ trách nhiệm hình sự và hình phạt. Quá trình thực hiện tội phạm có ba giai đoạn: giai đoạn chuẩn bị phạm tội, giai đoạn phạm tội chưa đạt và giai đoạn tội phạm đã hoàn thành. Việc xác định các giai đoạn phạm tội chỉ đặt ra trong các tội phạm được thực hiện bằng lỗi cố ý mà không tính đến đối với các tội phạm được thực hiện với lỗi vô ý, bởi vì: Với các hành vi phạm tội có lỗi vô ý, người phạm tội không có ý định phạm tội, không mong muốn hậu quả xảy ra, cho nên các tội với lỗi vô ý chỉ có thể là những tội đã hoàn thành, không có giai đoạn chuẩn bị phạm tội hay phạm tội chưa đạt.",1.0
17,"Người có chức vụ, quyền hạn có trách nhiệm gì đối với tài sản của mình theo quy định của pháp luật?","Theo ngữ cảnh được cung cấp, người có chức vụ, quyền hạn có trách nhiệm kê khai tài sản theo quy định của pháp luật và chịu trách nhiệm về tính chính xác, trung thực của việc kê khai đó.","- Người có chức vụ, quyền hạn có trách nhiệm: + Thực hiện nhiệm vụ, công vụ đúng quy định của pháp luật; + Gương mẫu, liêm khiết; chấp hành nghiêm chỉnh quy định của pháp luật về phòng, chống tham nhũng, quy tắc ứng xử, quy tắc đạo đức nghề nghiệp; + Kê khai tài sản theo quy định của pháp luật và chịu trách nhiệm về tính chính xác, trung thực của việc kê khai đó. Đối với các cơ quan thanh tra, kiểm toán nhà nước, điều tra, Viện kiểm sát, Tòa án là những cơ quan có trách nhiệm và thẩm quyền trực tiếp trong hoạt động phòng, chống và xử lý tham nhũng thì hoạt động chống tham nhũng trong các cơ quan đó phải được kiểm tra, giám sát thường xuyên. Chủ biên TS.",1.0
18,Hệ quả pháp lý đối với một bên trong quan hệ dân sự khi không thực hiện hoặc thực hiện không đúng nghĩa vụ đã cam kết là gì?,"Hệ quả pháp lý là bên đó phải chịu trách nhiệm dân sự, đóng vai trò như một chế tài nhằm hướng các bên phải nghiêm chỉnh thực hiện nghĩa vụ và tự chịu trách nhiệm về việc không thực hiện hoặc thực hiện không đúng nghĩa vụ của mình.","Chủ biên TS. Trần Thành Thọ Trong quan hệ dân sự, việc hòa giải giữa các bên phù hợp với quy định của pháp luật được khuyến khích. Không bên nào được dùng vũ lực hoặc đe dọa dùng vũ lực khi tham gia quan hệ dân sự và giải quyết các tranh chấp dân sự. Nội dung này đã trở thành nguyên tắc được quy định tại Điều 7 BLDS năm 2015. - Quy định trách nhiệm dân sự cho các bên. Phần lớn trong các quan hệ pháp luật sự thì quyền của bên này là nghĩa vụ của bên kia. Tuy nhiên, nếu một bên không thực hiện hoặc thực hiện không đúng nghĩa vụ đã cam kết hoặc thực hiện các hành vi trái pháp luật sẽ ảnh hưởng tới lợi ích của bên kia. Vì vậy, việc quy định trách nhiệm dân sự đối với các bên sẽ tạo ra một chế tài áp dụng nhằm hướng các bên trong quan hệ dân sự phải nghiêm chỉnh thực hiện nghĩa vụ dân sự của mình và tự chịu trách nhiệm về việc không thực hiện hoặc thực hiện không đúng nghĩa vụ.",1.0
19,Hình phạt cải tạo không giam giữ được áp dụng trong khoảng thời gian bao lâu theo Điều 36 BLHS 2015?,"Theo Điều 36 BLHS 2015, hình phạt cải tạo không giam giữ được áp dụng từ 06 tháng đến 03 năm.","2015 quy định; + Người phạm tội rất nghiêm trọng xâm phạm trật tự quản lý kinh tế, môi trường, trật tự công cộng, an toàn công cộng và một số tội phạm khác do BLHS 2015 quy định. Mức tiền phạt được quyết định căn cứ vào tính chất và mức độ nguy hiểm của tội phạm, đồng thời có xét đến tình hình tài sản của người phạm tội, sự biến động của giá cả, nhưng không được thấp hơn 1.000.000 đồng. Cải tạo không giam giữ Cải tạo không giam giữ là hình phạt không bắt buộc người bị kết án phải cách ly khỏi môi trường sống bình thường mà buộc họ tự cải tạo dưới sự giám sát, giáo dục của cơ quan, tổ chức, đơn vị quân đội hoặc cơ sở giáo dục, đào tạo. Theo quy định tại Điều 36 BLHS 2015, cải tạo không giam giữ được áp dụng từ 06 tháng đến 03 năm đối với người phạm tội ít nghiêm trọng, Chủ biên TS.",1.0
20,Việc đảm bảo bình đẳng về địa vị pháp lý trong Luật Dân sự có ý nghĩa gì đối với các chủ thể tham gia?,"Dựa trên ngữ cảnh được cung cấp, việc đảm bảo bình đẳng về địa vị pháp lý trong Luật Dân sự là cơ sở để các chủ thể tham gia vào các quan hệ dân sự với tư cách độc lập, đồng thời xác định các chuẩn mực pháp lý cho cách ứng xử, quyền và nghĩa vụ của họ về nhân thân và tài sản.","Phương pháp điều chỉnh của Luật Dân sự Phương pháp điều chỉnh của Luật Dân sự là cách thức, biện pháp mà nhà nước tác động đến quan hệ tài sản và quan hệ nhân thân làm cho các quan hệ này phát sinh, thay đổi, chấm dứt theo ý chí của nhà nước phù hợp với lợi ích của Nhà nước, xã hội và cá nhân. Mỗi ngành luật điều chỉnh những nhóm quan hệ xã hội khác nhau, vì vậy phương pháp nhà nước sử dụng để tác động vào các quan hệ xã hội đó cũng khác nhau. Phương pháp điều chỉnh của Luật Dân sự có những đặc điểm sau: - Bảo đảm sự bình đẳng về địa vị pháp lý của các chủ thể khi tham gia quan hệ dân sự. Mọi chủ thể khi tham gia vào quan hệ tài sản và quan hệ nhân thân do Luật Dân sự điều chỉnh đều bình đẳng với nhau về quyền và nghĩa vụ pháp lý, không phân biệt về dân tộc, giới tính, thành phần xã hội, hoàn cảnh kinh tế, tín ngưỡng, tôn giáo...",1.0
21,Tại sao không thể xác định năng lực hành vi của một chủ thể nếu chủ thể đó không có năng lực pháp luật?,"Vì nếu không có năng lực pháp luật, chủ thể đó không có khả năng tham gia quan hệ pháp luật để trở thành một bên của quan hệ đó.","Cụ thể là: Nếu chủ thể chỉ có năng lực pháp luật mà không có năng lực hành vi thì không thể tự mình thực hiện được các quyền và nghĩa vụ mà nhà nước đã thừa nhận, không thể tham gia tích cực vào các quan hệ pháp luật bằng chính hành vi của mình. Mặt khác, không thể xác định năng lực hành vi của chủ thể khi chủ thể này không có năng lực pháp luật, tức là nếu không có năng lực pháp luật thì không có khả năng tham gia quan hệ pháp luật để trở thành một bên của quan hệ đó. Ví dụ: Quyền bầu cử HĐND các cấp hoặc Quốc hội là quyền được xác định cho công dân Việt Nam mà không xác định cho người nước ngoài. Theo đó, công dân Việt Nam có năng lực pháp luật trong việc tham gia quan hệ pháp luật bầu cử, còn người nước ngoài không có khả năng này. Vì thế, trong trường hợp này chỉ có thể xác định năng lực hành vi Chủ biên TS.",1.0
22,Tại sao việc chỉ dựa vào tài sản thu hồi được để đánh giá lợi ích của hành vi tham nhũng là chưa đầy đủ?,"Việc chỉ dựa vào tài sản thu hồi được để đánh giá lợi ích của hành vi tham nhũng là chưa đầy đủ vì: - Lợi ích mà chủ thể tham nhũng đạt được rất đa dạng, bao gồm cả lợi ích vật chất và phi vật chất. - Lợi ích vật chất và phi vật chất thường đan xen, khó phân biệt rạch ròi. - Hậu quả vật chất không phải là dấu hiệu bắt buộc trong mọi trường hợp của hành vi tham nhũng.","Lợi ích vật chất hoặc phi vật chất mà chủ thể tham nhũng đạt được rất đa dạng. Nếu chỉ dựa vào tài sản phát hiện được hoặc thu hồi được để đánh giá lợi ích mà chủ thể thực hiện hành vi tham nhũng đạt được thì sẽ không đầy đủ. Hơn thế nữa, lợi ích vật chất và lợi ích phi vật chất nhiều lúc đan xen rất khó phân biệt rạch ròi nên đối với hành vi tham nhũng, hậu quả vật chất không phải trường hợp nào cũng là dấu hiệu bắt buộc.",1.0
23,"So với hình phạt, các biện pháp tư pháp trong Luật Hình sự Việt Nam có đặc điểm gì về mức độ nghiêm khắc?","So với hình phạt, các biện pháp tư pháp trong Luật Hình sự Việt Nam được xem là những biện pháp cưỡng chế ít nghiêm khắc hơn.","Các biện pháp tư pháp trong Luật Hình sự Việt Nam Các biện pháp tư pháp được quy định trong Bộ luật Hình sự bao gồm những biện pháp cưỡng chế của nhà nước được các cơ quan tiến hành tố tụng áp dụng đối với chủ thể phạm tội hoặc người thực hiện hành vi nguy hiểm cho xã hội nhằm ngăn ngừa họ tiếp tục phạm tội hoặc gây nguy hiểm cho xã hội và giáo dục họ trở thành những công dân có ích cho xã hội. So với các hình phạt, các biện pháp tư pháp trong luật hình sự Việt Nam được xem là những biện pháp cưỡng chế ít nghiêm khắc hơn so với hình phạt. Chế định về các biện pháp tư pháp được quy định tại",1.0
24,Việc sở hữu năng lực hành vi mang lại ý nghĩa gì cho các chủ thể trong quan hệ pháp luật?,"Việc sở hữu năng lực hành vi cho phép các chủ thể chủ động tham gia vào các quan hệ pháp luật, tự mình xác lập và thực hiện các quyền và nghĩa vụ pháp lý trên thực tế bằng chính hành vi của mình.","Khả năng này được xác định trên 2 phương diện: Năng lực pháp luật và năng lực hành vi. Năng lực pháp luật: là khả năng của cá nhân hoặc tổ chức được nhà nước thừa nhận theo đó họ có thể tham gia quan hệ pháp luật để được hưởng quyền hoặc phải mang nghĩa vụ pháp lý nhất định. Năng lực hành vi: là khả năng của cá nhân hoặc tổ chức được nhà nước thừa nhận theo đó các chủ thể này được tham gia vào quan hệ pháp luật nhằm xác lập và thực hiện các quyền và nghĩa vụ pháp lý bằng chính hành vi của mình trong quan hệ đó. Với năng lực pháp luật, các chủ thể thụ động tham gia vào các quan hệ pháp luật hoặc được pháp luật bảo vệ trong những quan hệ nhất định. Còn với năng lực hành vi, các chủ thể của quan hệ pháp luật có thể chủ động tham gia vào các quan hệ pháp luật và tự mình xác lập và thực hiện các quyền và nghĩa vụ của mình trên thực tế.",1.0
25,"Theo Điều 646 Bộ luật Dân sự 2015, di tặng được định nghĩa như thế nào?","Theo Điều 646 Bộ luật Dân sự 2015, di tặng là việc người lập di chúc dành một phần di sản để tặng cho người khác.","Di tặng Điều 646, BLDS 2015 quy định: “Di tặng là việc người lập di chúc dành một phần di sản để tặng cho người khác”. Theo quy định của pháp luật, việc di tặng phải được ghi rõ trong di chúc, nếu không ghi rõ thì sẽ được hiểu là thừa kế theo di chúc. Người được di tặng không phải thực hiện nghĩa vụ tài sản đối với phần được di tặng, trừ trường hợp toàn bộ di sản không đủ để thanh toán nghĩa vụ tài sản của người lập di chúc thì phần di tặng cũng được dùng để thực hiện phần nghĩa vụ còn lại của người này.",1.0
26,"Việc công khai, minh bạch trong hoạt động của cơ quan nhà nước có tác động như thế nào đến ý thức thực thi công vụ của cán bộ, công chức?","Việc công khai, minh bạch giúp cán bộ, công chức nhà nước có ý thức hơn trong việc thực hiện chức trách, công vụ theo đúng trình tự, thủ tục và thẩm quyền pháp luật quy định. Điều này xuất phát từ việc mọi hành vi vi phạm, phiền hà, sách nhiễu hoặc lợi dụng chức trách để tư lợi đều có thể dễ dàng bị phát hiện và xử lý.","Công khai, minh bạch trong hoạt động của cơ quan, tổ chức, đơn vị Đây là biện pháp quan trọng để ngăn ngừa tham nhũng. Công khai, minh bạch sẽ tạo điều kiện để người dân cũng như toàn xã hội tham gia giám sát hoạt động của các cơ quan nhà nước. Với việc công khai minh bạch trong hoạt động tại các cơ quan nhà nước, người dân sẽ dễ dàng nhận biết được các quy trình làm việc, các thủ tục giấy tờ cần thiết, các quyền và nghĩa vụ... để chủ động thực hiện cũng như đòi hỏi cơ quan Nhà nước và các cán bộ, công chức nhà nước thực hiện đúng các quy định đó. Công khai, minh bạch sẽ làm cho công chức nhà nước có ý thức hơn trong việc thực hiện chức trách, công vụ của mình theo đúng trình tự, thủ tục, thẩm quyền mà pháp luật quy định bởi, mọi hành vi vi phạm, phiền hà, sách nhiễu hay lợi dụng chức trách để tư lợi đều có thể dễ dàng bị phát hiện và xử lý. Chủ biên TS.",1.0
27,Yếu tố nào quyết định việc một sự kiện thực tế được thừa nhận là sự kiện pháp lý?,Việc thừa nhận một sự kiện thực tế là sự kiện pháp lý phụ thuộc vào ý chí nhà nước và các điều kiện khách quan khác của đời sống kinh tế - xã hội.,"Tuy nhiên, những sự kiện pháp lý phải là những sự kiện thực tế đã được pháp luật ghi nhận có giá trị về mặt pháp lý đối với sự xuất hiện, thay đổi hoặc chấm dứt của các quan hệ pháp luật. Việc thừa nhận hay không những sự kiện thực tế nào đó là sự kiện pháp lý, vì vậy sẽ phụ thuộc vào ý chí nhà nước và các điều kiện khách quan khác của đời sống kinh tế xã hội.",1.0
28,Hậu quả pháp lý về quyền và nghĩa vụ của các bên khi giao dịch dân sự bị vô hiệu là gì?,"Khi giao dịch dân sự vô hiệu, hậu quả pháp lý đối với các bên như sau: - Không làm phát sinh, thay đổi, chấm dứt quyền, nghĩa vụ dân sự của các bên kể từ thời điểm giao dịch được xác lập. - Các bên phải khôi phục lại tình trạng ban đầu, hoàn trả cho nhau những gì đã nhận (nếu không thể hoàn trả bằng hiện vật thì phải trị giá thành tiền). - Bên ngay tình trong việc thu hoa lợi, lợi tức không phải hoàn trả lại hoa lợi, lợi tức đó. - Bên có lỗi làm giao dịch vô hiệu gây thiệt hại cho bên kia thì phải bồi thường thiệt hại.","131 Bộ luật Dân sự, cụ thể như sau: - Giao dịch dân sự vô hiệu không làm phát sinh, thay đổi, chấm dứt quyền, nghĩa vụ dân sự của các bên kể từ thời điểm giao dịch được xác lập. - Khi giao dịch dân sự vô hiệu thì các bên khôi phục lại tình trạng ban đầu, hoàn trả cho nhau những gì đã nhận. Trường hợp không thể hoàn trả được bằng hiện vật thì trị giá thành tiền để hoàn trả. - Bên ngay tình trong việc thu hoa lợi, lợi tức không phải hoàn trả lại hoa lợi, lợi tức đó. Ở thời điểm xác lập giao dịch chưa tồn tại hoa lợi, lợi tức nên bên ngay tình được lợi về hoa lợi, lợi tức chỉ cần phải khôi phục lại tình trạng ban đầu mà không phải trả cả hoa lợi, lợi tức. - Bên có lỗi trong việc làm giao dịch dân sự vô hiệu, gây thiệt hại cho phía bên kia thì phải chịu trách nhiệm bồi thường thiệt hại.",1.0
29,"Theo quy định tại Khoản 2 Điều 352 Bộ luật Hình sự, người có chức vụ được định nghĩa như thế nào?","Theo Khoản 2 Điều 352 Bộ luật Hình sự năm 2015 (sửa đổi, bổ sung năm 2017), người có chức vụ là người do bổ nhiệm, do bầu cử, do hợp đồng hoặc do một hình thức khác, có hưởng lương hoặc không hưởng lương, được giao thực hiện một nhiệm vụ nhất định và có quyền hạn nhất định trong khi thực hiện công vụ, nhiệm vụ.","Các dấu hiệu pháp lý cơ bản của tham nhũng Với cách hiểu về tham nhũng như đã nêu trên và theo các quy định hiện hành của pháp luật Việt Nam, tham nhũng có những dấu hiệu đặc trưng cơ bản sau: - Thứ nhất: chủ thể tham nhũng là người có chức vụ, quyền hạn. Khoản 2 Điều 352 Bộ luật Hình sự năm 2015 được sửa đổi, bổ sung năm 2017 đã xác định: “Người có chức vụ là người do bổ nhiệm, do bầu cử, do hợp đồng hoặc do một hình thức khác, có hưởng lương hoặc không hưởng lương, được giao thực hiện một nhiệm vụ nhất định và có quyền hạn nhất định trong khi thực hiện công vụ, nhiệm vụ”. Như vậy, chỉ những người thực hiện chức năng đại diện quyền lực nhà nước, chức năng tổ chức, điều hành, quản lý hành chính, tổ chức sản xuất mới được coi là người có chức vụ, quyền hạn.",1.0
30,Tại sao việc chuyển đổi vị trí công tác có thể gây ảnh hưởng đến chất lượng công việc của đơn vị?,"Việc chuyển đổi vị trí công tác có thể gây ảnh hưởng đến chất lượng công việc vì cần có thời gian để bàn giao, tiếp nhận và làm quen với công việc mới.","Việc chuyển đổi vị trí công tác phải theo kế hoạch và được công khai trong nội bộ cơ quan, tổ chức, đơn vị và chỉ áp dụng đối với cán bộ, công chức, viên chức không giữ chức vụ quản lý. Tuy vậy, biện pháp này chưa thực sự phát huy được hiệu quả, thậm chí ở một số đơn vị, cơ quan, tổ chức có thể tác dụng ngược. Nhiều cán bộ, công chức, viên chức vì mong muốn được chuyển đến vị trí có lợi có thể sử dụng việc hối lộ và các hành vi khác để tác động đến quyết định của lãnh đạo. Đồng thời, việc thay đổi vị trí công tác cũng cần có thời gian để bàn giao, tiếp nhận, làm quen... với công việc mới nên có thể làm ảnh hưởng đến thời gian cũng như chất lượng công việc. Chính vì vậy, việc chuyển đổi vị trí công tác của cán bộ, công chức cần phải được nghiên cứu kỹ càng cũng như có hướng dẫn cụ thể và giám sát chặt chẽ hơn nữa mới phát huy được hiệu quả mong muốn.",1.0
